{
  "products": [
    {
      "id": "p1",
      "name": "Cappuccino",
      "description": "Rich espresso with milk foam",
      "category": "Beverage",
      "price": 2.5,
      "quantity": 15,
      "lowStockThreshold": 5
    },
    {
      "id": "p2",
      "name": "Chicken Sandwich",
      "description": "Grilled chicken with salad",
      "category": "Food",
      "price": 4.0,
      "quantity": 8,
      "lowStockThreshold": 5
    },
    {
      "id": "p3",
      "name": "Wings",
      "description": "Spicy buffalo chicken wings",
      "category": "Food",
      "price": 6.0,
      "quantity": 12,
      "lowStockThreshold": 5
    },
    {
      "id": "p4",
      "name": "Chips",
      "description": "Crispy potato chips",
      "category": "Snacks",
      "price": 1.5,
      "quantity": 20,
      "lowStockThreshold": 5
    },
    {
      "id": "p5",
      "name": "Coffee",
      "description": "Fresh brewed coffee",
      "category": "Beverage",
      "price": 1.8,
      "quantity": 25,
      "lowStockThreshold": 5
    },
    {
      "id": "p6",
      "name": "Soft Drinks",
      "description": "Assorted carbonated drinks",
      "category": "Beverage",
      "price": 2.0,
      "quantity": 30,
      "lowStockThreshold": 5
    },
    {
      "id": "p7",
      "name": "Pizza",
      "description": "Cheese and tomato pizza",
      "category": "Food",
      "price": 8.0,
      "quantity": 10,
      "lowStockThreshold": 3
    }
  ],
  "transactions": []
}

